song_name,song_duration,song_popularity,song_number_in_album,song_external_url,song_preview_url,album_name,album_release_date,album_total_tracks,album_image_url,album_external_url,artist_name,artist_external_url
everything i wanted,4:05,87,1,https://open.spotify.com/track/3ZCTVFBt2Brf31RLEnCkWJ,,everything i wanted,2019-11-13,1,https://i.scdn.co/image/ab67616d00001e02f2248cf6dad1d6c062587249,https://open.spotify.com/album/4i3rAwPw7Ln2YrKDusaWyT,Billie Eilish,https://open.spotify.com/artist/6qqNVTkY8uBg9cP3Jd7DAH
lovely (with Khalid),3:20,88,1,https://open.spotify.com/track/0u2P5u6lvoDfwTYjAADbn4,,lovely (with Khalid),2018-04-19,1,https://i.scdn.co/image/ab67616d00001e028a3f0a3ca7929dea23cd274c,https://open.spotify.com/album/2sBB17RXTamvj7Ncps15AK,Billie Eilish,https://open.spotify.com/artist/6qqNVTkY8uBg9cP3Jd7DAH
bad guy,3:14,88,2,https://open.spotify.com/track/2Fxmhks0bxGSBdJ92vM42m,,"WHEN WE ALL FALL ASLEEP, WHERE DO WE GO?",2019-03-29,14,https://i.scdn.co/image/ab67616d00001e0250a3147b4edd7701a876c6ce,https://open.spotify.com/album/0S0KGZnfBGSIssfF54WSJh,Billie Eilish,https://open.spotify.com/artist/6qqNVTkY8uBg9cP3Jd7DAH
Coffee Breath,2:43,71,1,https://open.spotify.com/track/2I9zHCCeKJRKMgJ6UJFN9W,https://p.scdn.co/mp3-preview/8b4b554878df42471c8c2526be51d836a26f1bf5?cid=2490920ce5574a1a9b97a3e366c39dd3,Coffee Breath,2018-03-08,1,https://i.scdn.co/image/ab67616d00001e027f38da30355f935022d1b351,https://open.spotify.com/album/7q0mdGYnuhBbn1hb4rNmG4,Sofia Mills,https://open.spotify.com/artist/7H0Xu8hdP0tjpZ6z4dHquW
i love you,4:51,82,13,https://open.spotify.com/track/6CcJMwBtXByIz4zQLzFkKc,,"WHEN WE ALL FALL ASLEEP, WHERE DO WE GO?",2019-03-29,14,https://i.scdn.co/image/ab67616d00001e0250a3147b4edd7701a876c6ce,https://open.spotify.com/album/0S0KGZnfBGSIssfF54WSJh,Billie Eilish,https://open.spotify.com/artist/6qqNVTkY8uBg9cP3Jd7DAH
The Weight Is Gone,3:32,44,2,https://open.spotify.com/track/2K1G9I3f0d28r1Ex0kSFyg,,About You,2018-06-01,13,https://i.scdn.co/image/ab67616d00001e02d260d8f017172b26d4013fd7,https://open.spotify.com/album/1t7FwYLSRY0gcMZvsndBVM,Albin Lee Meldau,https://open.spotify.com/artist/1AdKbbV5v6ifuJertEjNeK
Dog Years,4:37,59,4,https://open.spotify.com/track/5RRNZFyOi17nTh2bPEKPtp,,Now That The Light Is Fading,2017-02-16,5,https://i.scdn.co/image/ab67616d00001e02d0aff101587ed69600d7daab,https://open.spotify.com/album/16wZsyXQ463IYlrXyJnRfY,Maggie Rogers,https://open.spotify.com/artist/4NZvixzsSefsNiIqXn0NDe
Move On,4:07,57,1,https://open.spotify.com/track/5jYntKRDo21t5sEQHx8OM2,,Move On,2017-06-02,1,https://i.scdn.co/image/ab67616d00001e020355300b741c663aca5c0202,https://open.spotify.com/album/4GngckWbcK6cWopdBoWLdg,Deeperise,https://open.spotify.com/artist/0ZRQKFaYGEtbLc8NbyICoe
We Are The People,4:27,60,4,https://open.spotify.com/track/57RHMnLMQx8Qz5V6c0E8dF,,Walking On A Dream (Special Edition),2009-01-01,22,https://i.scdn.co/image/ab67616d00001e02fffbc6bb8f405c2dacf8d64b,https://open.spotify.com/album/1GoqBRUPZzBKvMKZxSQ1mp,Empire of the Sun,https://open.spotify.com/artist/67hb7towEyKvt5Z8Bx306c
Makeba - Radio Edit,3:36,51,1,https://open.spotify.com/track/5FkBFIGzG8lYFktLyZNUq6,https://p.scdn.co/mp3-preview/5b641dc84a3a305f56cd4e36b66b7d3acec2b626?cid=2490920ce5574a1a9b97a3e366c39dd3,Makeba (Radio Edit),2016-12-02,1,https://i.scdn.co/image/ab67616d00001e02b99bfc287926e3604511d6e9,https://open.spotify.com/album/4GtRTtBrGPlgzhuXTuGFx1,Jain,https://open.spotify.com/artist/2HHmvvSQ44ePDH7IKVzgK0
Mystery of Love,4:08,71,1,https://open.spotify.com/track/5GbVzc6Ex5LYlLJqzRQhuy,https://p.scdn.co/mp3-preview/577c6a7a87f75bc9ec7422b0522fe1f2594b1450?cid=2490920ce5574a1a9b97a3e366c39dd3,Mystery of Love,2017-12-01,1,https://i.scdn.co/image/ab67616d00001e023fc1588803d1887f11d660cc,https://open.spotify.com/album/4wB3cRpb4YfnNyJORQe3Om,Sufjan Stevens,https://open.spotify.com/artist/4MXUO7sVCaFgFjoTI5ox5c
Kick Ass - Mika and Redone Tribute Version,3:12,30,1,https://open.spotify.com/track/7ifmQmhIkS1AcuaAgb1fHn,https://p.scdn.co/mp3-preview/701888d7af617194366ac718c11a8da8f0b4f0dd?cid=2490920ce5574a1a9b97a3e366c39dd3,Kick Ass - Mika and Redone Tribute Version,2010-05-06,1,https://i.scdn.co/image/ab67616d00001e02cb6f12791d81a5f3507715d6,https://open.spotify.com/album/6yB1HiyuVJH4R8Ypdr33pZ,2010 Movie Favorites,https://open.spotify.com/artist/2vXZGPmd4FIDKQq57mgAXl
Let's Fall in Love for the Night,3:10,79,1,https://open.spotify.com/track/7kQkmyoHCEqwe7QwDbkSXM,https://p.scdn.co/mp3-preview/6c4c568b6c1e8c86ea51333fcf8a1b30d02b4810?cid=2490920ce5574a1a9b97a3e366c39dd3,Let’s Fall In Love For The Night,2018-10-19,1,https://i.scdn.co/image/ab67616d00001e02b226999f1df0dcdec8a53abe,https://open.spotify.com/album/3LONldJV06J1AHEph6lopK,FINNEAS,https://open.spotify.com/artist/37M5pPGs6V1fchFJSgCguX
Le lac,3:55,57,4,https://open.spotify.com/track/0fQIB0rVuLNDNlq3B0hij9,https://p.scdn.co/mp3-preview/7347db984274ba14db9f154ea2383eaec3858395?cid=2490920ce5574a1a9b97a3e366c39dd3,&,2016-10-14,13,https://i.scdn.co/image/ab67616d00001e02a2f937008fdbc041a5cbbc9b,https://open.spotify.com/album/2JIk3csX6RdYMCmpyStgVj,Julien Doré,https://open.spotify.com/artist/6jStlKLflTMUN6BajxrNlj
Wait a Minute!,3:16,82,13,https://open.spotify.com/track/0y60itmpH0aPKsFiGxmtnh,,ARDIPITHECUS,2015-01-11,15,https://i.scdn.co/image/ab67616d00001e026ee651e65c3766d80e7fcab7,https://open.spotify.com/album/0wfne2JijoxJm0qzJd3V5h,WILLOW,https://open.spotify.com/artist/3rWZHrfrsPBxVy692yAIxF
No Roots,3:57,59,3,https://open.spotify.com/track/3D5wnLaeVlCCIPzQOOAirA,https://p.scdn.co/mp3-preview/f908464937806ca039446a780db356eb6e5902eb?cid=2490920ce5574a1a9b97a3e366c39dd3,Mint,2019-01-18,11,https://i.scdn.co/image/ab67616d00001e027d53a512292b565a520aaca1,https://open.spotify.com/album/5j6gsQqT3UZeSghw0Xf3Pi,Alice Merton,https://open.spotify.com/artist/7f0OLhGgBMX9fUjm1dcPip
Love Is A Battlefield,4:11,44,1,https://open.spotify.com/track/3DPJ8HfH6ktSgBf21pVquQ,,Premium Gold Collection,1998-01-01,20,https://i.scdn.co/image/ab67616d00001e0208ae628b57bef9f6429a6b72,https://open.spotify.com/album/0IPhq2iXwbqGUzTmpaysTo,Pat Benatar,https://open.spotify.com/artist/43mhFhQ4JAknA7Ik1bOZuV
Cherry,4:31,61,9,https://open.spotify.com/track/4sRmzVSedvFkENbSJ342Ex,https://p.scdn.co/mp3-preview/f0f6c06286db613d4440211bb368b2b36138feae?cid=2490920ce5574a1a9b97a3e366c39dd3,Cherry (Deluxe),2017-12-09,18,https://i.scdn.co/image/ab67616d00001e02f760c22b4b68d5d0616be34a,https://open.spotify.com/album/6OqegZkCUq29CJarqL8trP,Chromatics,https://open.spotify.com/artist/4tOVIRjlWWfR1RrAxyRqTE
Hymn For The Weekend,4:28,48,1,https://open.spotify.com/track/5VpNPtwollTGlk1l5XwAPj,https://p.scdn.co/mp3-preview/f4ffa1765c387b4b0b99b4c09d142fa5b246ab8c?cid=2490920ce5574a1a9b97a3e366c39dd3,Hymn For The Weekend,2019-04-05,1,https://i.scdn.co/image/ab67616d00001e02ca531708d5150546e028eeb6,https://open.spotify.com/album/4c3TYV0UUNuy9B3ac9X7Wh,Izzamuzzic,https://open.spotify.com/artist/5EiDVD35ofoSKq1KE0jcs8
Standing Next To Me,2:18,24,2,https://open.spotify.com/track/5Yo7EKacdJJF30Kb1YEots,,The Age Of The Understatement,2008-01-01,12,https://i.scdn.co/image/ab67616d00001e02b7ca0fd108a57c36d381867e,https://open.spotify.com/album/3wKnLgxCmFr7vl3izFVTDM,The Last Shadow Puppets,https://open.spotify.com/artist/2Z7UcsdweVlRbAk5wH5fsf
Runnin' (Lose It All),3:33,66,1,https://open.spotify.com/track/5yZvaUVyuXfSVUaMumFi6l,,Runnin' (Lose It All),2015-09-17,1,https://i.scdn.co/image/ab67616d00001e02c24dcf24b68739638e3231bd,https://open.spotify.com/album/2YnYgyx7N8MkgQHCcRYfKP,Naughty Boy,https://open.spotify.com/artist/1bT7m67vi78r2oqvxrP3X5
Shape Of My Heart,4:39,72,10,https://open.spotify.com/track/6CKoWCWAqEVWVjpeoJXyNH,,Ten Summoner's Tales,1993-03-09,12,https://i.scdn.co/image/ab67616d00001e02653b110d9560eb1656f4c583,https://open.spotify.com/album/5kV0KBXfELibs6qQJLmOtg,Sting,https://open.spotify.com/artist/0Ty63ceoRnnJKVEYP0VQpk
Watermelon Sugar,2:54,95,2,https://open.spotify.com/track/6UelLqGlWMcVH1E5c4H7lY,https://p.scdn.co/mp3-preview/0c51b5f7ed852504844feebfb4f4b7f099452662?cid=2490920ce5574a1a9b97a3e366c39dd3,Fine Line,2019-12-13,12,https://i.scdn.co/image/ab67616d00001e0277fdcfda6535601aff081b6a,https://open.spotify.com/album/7xV2TzoaVc0ycW7fwBwAml,Harry Styles,https://open.spotify.com/artist/6KImCVD70vtIoJWnq6nGn3
So Tell the Girls That I Am Back In Town - Radio Edit,3:49,43,3,https://open.spotify.com/track/5nz8NVfvYxix6AIRrEaMbI,https://p.scdn.co/mp3-preview/e76ed9b5cff886d1bf201d5cdf22afb4cb85a396?cid=2490920ce5574a1a9b97a3e366c39dd3,Best of 1996-2013,2013-02-03,20,https://i.scdn.co/image/ab67616d00001e02075d45c04db628cfd7eb22e0,https://open.spotify.com/album/1YWoyGgtDonqMt69Kmvo7X,Jay-Jay Johanson,https://open.spotify.com/artist/4hzC9WUUy3cFituT71tzB4
